time,seconds_elapsed,steps
1732873806610404900,11.01140478515625,10
1732873809169181400,13.570181396484376,14
