time,seconds_elapsed,steps
1733231736288769500,0.28176953125,0
1733231742129032700,6.12203271484375,6
