time,seconds_elapsed,steps
1733237885118944500,0.268944580078125,0
1733237889758964500,4.908964599609375,6
