time,seconds_elapsed,steps
1733224533092670000,0.745669921875,0
1733224537970839300,5.62383935546875,6
