time,seconds_elapsed,steps
1733231804021104600,0.293104736328125,0
1733231809221204200,5.493204345703125,6
