time,seconds_elapsed,brightness
1733237826890000000,1.005999755859375,0.5
1733237827890000000,2.005999755859375,0.5
1733237828891000000,3.007,0.5
