time,seconds_elapsed,brightness
1733237669288000000,1.011,0.5
1733237670286000000,2.009000244140625,0.5
1733237671288000000,3.011,0.5
1733237672286000000,4.009000244140625,0.5
